"date","datetime","water_level"
"2022-08-08","2022-08-08 22:17:00",0.93
"2022-08-08","2022-08-08 23:57:00",0.93
"2022-08-09","2022-08-09 08:52:00",0.94
"2022-08-09","2022-08-09 09:17:00",0.9
"2022-08-09","2022-08-09 09:37:00",0.94
"2022-08-09","2022-08-09 09:52:00",0.97
"2022-08-09","2022-08-09 11:12:00",0.93
"2022-08-09","2022-08-09 12:12:00",0.94
"2022-08-09","2022-08-09 13:12:00",0.97
"2022-08-09","2022-08-09 14:27:00",0.94
"2022-08-09","2022-08-09 14:47:00",0.94
"2022-08-09","2022-08-09 15:42:00",0.94
"2022-08-09","2022-08-09 16:17:00",0.94
"2022-08-09","2022-08-09 17:12:00",0.94
"2022-08-09","2022-08-09 18:52:00",0.97
"2022-08-09","2022-08-09 21:22:00",0.94
"2022-08-09","2022-08-09 21:32:00",0.94
"2022-08-09","2022-08-09 21:42:00",0.94
"2022-08-09","2022-08-09 21:47:00",0.94
"2022-08-09","2022-08-09 22:12:00",0.94
"2022-08-09","2022-08-09 22:32:00",0.94
"2022-08-09","2022-08-09 23:22:00",0.94
"2022-08-10","2022-08-10 00:22:00",0.94
"2022-08-10","2022-08-10 01:22:00",0.94
"2022-08-10","2022-08-10 03:57:00",0.94
"2022-08-10","2022-08-10 05:12:00",0.94
"2022-08-10","2022-08-10 06:32:00",0.94
"2022-08-10","2022-08-10 07:22:00",0.94
"2022-08-10","2022-08-10 08:32:00",0.94
"2022-08-10","2022-08-10 09:22:00",0.93
"2022-08-10","2022-08-10 10:27:00",0.93
"2022-08-10","2022-08-10 11:22:00",0.94
"2022-08-10","2022-08-10 12:27:00",0.97
"2022-08-10","2022-08-10 13:22:00",0.97
"2022-08-10","2022-08-10 14:42:00",0.97
"2022-08-10","2022-08-10 15:37:00",0.97
"2022-08-10","2022-08-10 16:22:00",0.97
"2022-08-10","2022-08-10 17:22:00",0.97
"2022-08-10","2022-08-10 17:52:00",0.97
"2022-08-10","2022-08-10 18:37:00",0.97
"2022-08-10","2022-08-10 19:27:00",0.97
"2022-08-10","2022-08-10 20:27:00",0.98
"2022-08-10","2022-08-10 21:22:00",0.97
"2022-08-10","2022-08-10 22:27:00",0.97
"2022-08-10","2022-08-10 23:22:00",0.97
"2022-08-11","2022-08-11 00:22:00",0.97
"2022-08-11","2022-08-11 01:22:00",0.94
"2022-08-11","2022-08-11 04:02:00",0.94
"2022-08-11","2022-08-11 05:27:00",0.93
"2022-08-11","2022-08-11 06:32:00",0.93
"2022-08-11","2022-08-11 07:22:00",0.93
"2022-08-11","2022-08-11 08:32:00",0.93
"2022-08-11","2022-08-11 09:22:00",0.9
"2022-08-11","2022-08-11 10:27:00",0.93
"2022-08-11","2022-08-11 11:22:00",0.93
"2022-08-11","2022-08-11 12:27:00",0.9
"2022-08-11","2022-08-11 13:22:00",0.93
"2022-08-11","2022-08-11 14:47:00",0.9
"2022-08-11","2022-08-11 15:42:00",0.93
"2022-08-11","2022-08-11 16:22:00",0.9
"2022-08-11","2022-08-11 17:27:00",0.9
"2022-08-11","2022-08-11 18:32:00",0.89
"2022-08-11","2022-08-11 19:22:00",0.89
"2022-08-11","2022-08-11 20:32:00",0.89
"2022-08-11","2022-08-11 21:17:00",0.89
"2022-08-11","2022-08-11 22:22:00",0.89
"2022-08-11","2022-08-11 23:22:00",0.89
"2022-08-12","2022-08-12 00:22:00",0.89
"2022-08-12","2022-08-12 01:22:00",0.84
"2022-08-12","2022-08-12 04:07:00",0.89
"2022-08-12","2022-08-12 05:57:00",0.85
"2022-08-12","2022-08-12 06:37:00",0.89
"2022-08-12","2022-08-12 07:22:00",0.85
"2022-08-12","2022-08-12 08:32:00",0.89
"2022-08-12","2022-08-12 09:22:00",0.89
"2022-08-12","2022-08-12 10:27:00",0.89
"2022-08-12","2022-08-12 11:22:00",0.86
"2022-08-12","2022-08-12 12:32:00",0.85
"2022-08-12","2022-08-12 13:22:00",0.85
"2022-08-12","2022-08-12 14:47:00",0.85
"2022-08-12","2022-08-12 15:47:00",0.85
"2022-08-12","2022-08-12 16:22:00",0.89
"2022-08-12","2022-08-12 17:27:00",0.85
"2022-08-12","2022-08-12 18:47:00",0.85
"2022-08-12","2022-08-12 19:27:00",0.89
"2022-08-12","2022-08-12 20:22:00",0.86
"2022-08-12","2022-08-12 20:27:00",0.85
"2022-08-12","2022-08-12 21:17:00",0.86
"2022-08-12","2022-08-12 22:22:00",0.89
"2022-08-12","2022-08-12 23:22:00",0.85
"2022-08-13","2022-08-13 00:27:00",0.85
"2022-08-13","2022-08-13 01:22:00",0.84
"2022-08-13","2022-08-13 04:02:00",0.84
"2022-08-13","2022-08-13 05:27:00",0.84
"2022-08-13","2022-08-13 06:32:00",0.84
"2022-08-13","2022-08-13 07:22:00",0.84
"2022-08-13","2022-08-13 08:27:00",0.84
"2022-08-13","2022-08-13 09:22:00",0.84
"2022-08-13","2022-08-13 10:27:00",0.84
"2022-08-13","2022-08-13 11:22:00",0.84
"2022-08-13","2022-08-13 12:27:00",0.82
"2022-08-13","2022-08-13 13:17:00",0.84
"2022-08-13","2022-08-13 14:42:00",0.8
"2022-08-13","2022-08-13 15:32:00",0.8
"2022-08-13","2022-08-13 17:22:00",0.82
"2022-08-13","2022-08-13 18:32:00",0.82
"2022-08-13","2022-08-13 19:22:00",0.8
"2022-08-13","2022-08-13 20:27:00",0.82
"2022-08-13","2022-08-13 21:17:00",0.8
"2022-08-13","2022-08-13 22:27:00",0.8
"2022-08-13","2022-08-13 23:22:00",0.8
"2022-08-14","2022-08-14 00:22:00",0.8
"2022-08-14","2022-08-14 01:22:00",0.8
"2022-08-14","2022-08-14 04:22:00",0.78
"2022-08-14","2022-08-14 05:57:00",0.76
"2022-08-14","2022-08-14 06:37:00",0.8
"2022-08-14","2022-08-14 07:22:00",0.8
"2022-08-14","2022-08-14 08:27:00",0.78
"2022-08-14","2022-08-14 09:22:00",0.78
"2022-08-14","2022-08-14 10:27:00",0.78
"2022-08-14","2022-08-14 11:22:00",0.82
"2022-08-14","2022-08-14 12:27:00",0.78
"2022-08-14","2022-08-14 13:22:00",0.76
"2022-08-14","2022-08-14 14:42:00",0.78
"2022-08-14","2022-08-14 15:37:00",0.78
"2022-08-14","2022-08-14 16:22:00",0.78
"2022-08-14","2022-08-14 17:22:00",0.8
"2022-08-14","2022-08-14 18:32:00",0.8
"2022-08-14","2022-08-14 19:22:00",0.78
"2022-08-14","2022-08-14 20:27:00",0.78
"2022-08-14","2022-08-14 21:17:00",0.8
"2022-08-14","2022-08-14 22:22:00",0.78
"2022-08-14","2022-08-14 23:22:00",0.82
"2022-08-15","2022-08-15 00:22:00",0.78
"2022-08-15","2022-08-15 01:22:00",0.82
"2022-08-15","2022-08-15 04:22:00",0.76
"2022-08-15","2022-08-15 06:17:00",0.78
"2022-08-15","2022-08-15 07:37:00",0.78
"2022-08-15","2022-08-15 08:32:00",0.78
"2022-08-15","2022-08-15 09:22:00",0.78
"2022-08-15","2022-08-15 10:32:00",0.78
"2022-08-15","2022-08-15 11:22:00",0.8
"2022-08-15","2022-08-15 12:27:00",0.78
"2022-08-15","2022-08-15 13:22:00",0.78
"2022-08-15","2022-08-15 14:47:00",0.78
"2022-08-15","2022-08-15 15:47:00",0.76
"2022-08-15","2022-08-15 16:27:00",0.78
"2022-08-15","2022-08-15 17:27:00",0.78
"2022-08-15","2022-08-15 18:37:00",0.78
"2022-08-15","2022-08-15 19:32:00",0.78
"2022-08-15","2022-08-15 20:32:00",0.76
"2022-08-15","2022-08-15 21:22:00",0.76
"2022-08-15","2022-08-15 22:22:00",0.78
"2022-08-15","2022-08-15 23:22:00",0.76
"2022-08-16","2022-08-16 00:27:00",0.76
"2022-08-16","2022-08-16 01:22:00",0.76
"2022-08-16","2022-08-16 04:22:00",0.76
"2022-08-16","2022-08-16 06:07:00",0.76
"2022-08-16","2022-08-16 07:22:00",0.73
"2022-08-16","2022-08-16 08:27:00",0.73
"2022-08-16","2022-08-16 09:22:00",0.73
"2022-08-16","2022-08-16 10:27:00",0.73
"2022-08-16","2022-08-16 11:22:00",0.77
"2022-08-16","2022-08-16 12:27:00",0.76
"2022-08-16","2022-08-16 13:17:00",0.73
"2022-08-16","2022-08-16 14:42:00",0.74
"2022-08-16","2022-08-16 15:32:00",0.74
"2022-08-16","2022-08-16 17:27:00",0.73
"2022-08-16","2022-08-16 18:37:00",0.74
"2022-08-16","2022-08-16 19:27:00",0.73
"2022-08-16","2022-08-16 20:32:00",0.73
"2022-08-16","2022-08-16 21:17:00",0.73
"2022-08-16","2022-08-16 22:27:00",0.73
"2022-08-16","2022-08-16 23:22:00",0.76
"2022-08-17","2022-08-17 00:22:00",0.76
"2022-08-17","2022-08-17 01:22:00",0.78
"2022-08-17","2022-08-17 04:32:00",0.76
"2022-08-17","2022-08-17 06:22:00",0.77
"2022-08-17","2022-08-17 07:42:00",0.76
"2022-08-17","2022-08-17 08:32:00",0.78
"2022-08-17","2022-08-17 09:22:00",0.78
"2022-08-17","2022-08-17 10:32:00",0.78
"2022-08-17","2022-08-17 11:27:00",0.8
"2022-08-17","2022-08-17 12:27:00",0.78
"2022-08-17","2022-08-17 13:22:00",0.8
"2022-08-17","2022-08-17 14:52:00",0.8
"2022-08-17","2022-08-17 15:52:00",0.8
"2022-08-17","2022-08-17 16:27:00",0.8
"2022-08-17","2022-08-17 17:27:00",0.8
"2022-08-17","2022-08-17 18:37:00",0.78
"2022-08-17","2022-08-17 19:32:00",0.8
"2022-08-17","2022-08-17 20:32:00",0.8
"2022-08-17","2022-08-17 21:17:00",0.78
"2022-08-17","2022-08-17 22:27:00",0.78
"2022-08-17","2022-08-17 23:22:00",0.78
"2022-08-18","2022-08-18 00:22:00",0.78
"2022-08-18","2022-08-18 01:27:00",0.78
"2022-08-18","2022-08-18 04:32:00",0.76
"2022-08-18","2022-08-18 06:22:00",0.76
"2022-08-18","2022-08-18 07:37:00",0.76
"2022-08-18","2022-08-18 08:32:00",0.76
"2022-08-18","2022-08-18 09:22:00",0.73
"2022-08-18","2022-08-18 10:27:00",0.73
"2022-08-18","2022-08-18 11:27:00",0.73
"2022-08-18","2022-08-18 12:27:00",0.73
"2022-08-18","2022-08-18 13:22:00",0.76
"2022-08-18","2022-08-18 14:52:00",0.76
"2022-08-18","2022-08-18 15:47:00",0.76
"2022-08-18","2022-08-18 16:27:00",0.76
"2022-08-18","2022-08-18 17:37:00",0.76
"2022-08-18","2022-08-18 18:37:00",0.76
"2022-08-18","2022-08-18 19:37:00",0.76
"2022-08-18","2022-08-18 20:27:00",0.76
"2022-08-18","2022-08-18 21:22:00",0.78
"2022-08-18","2022-08-18 22:27:00",0.78
"2022-08-18","2022-08-18 23:22:00",0.78
"2022-08-19","2022-08-19 00:22:00",0.78
"2022-08-19","2022-08-19 01:22:00",0.8
"2022-08-19","2022-08-19 04:27:00",0.78
"2022-08-19","2022-08-19 06:12:00",0.78
"2022-08-19","2022-08-19 07:32:00",0.78
"2022-08-19","2022-08-19 08:32:00",0.78
"2022-08-19","2022-08-19 09:22:00",0.78
"2022-08-19","2022-08-19 10:27:00",0.78
"2022-08-19","2022-08-19 11:22:00",0.78
"2022-08-19","2022-08-19 12:27:00",0.78
"2022-08-19","2022-08-19 13:22:00",0.78
"2022-08-19","2022-08-19 14:47:00",0.76
"2022-08-19","2022-08-19 15:42:00",0.78
"2022-08-19","2022-08-19 16:22:00",0.78
"2022-08-19","2022-08-19 17:27:00",0.78
"2022-08-19","2022-08-19 18:37:00",0.76
"2022-08-19","2022-08-19 19:32:00",0.76
"2022-08-19","2022-08-19 20:32:00",0.76
"2022-08-19","2022-08-19 21:17:00",0.78
"2022-08-19","2022-08-19 22:27:00",0.76
"2022-08-19","2022-08-19 23:22:00",0.76
"2022-08-20","2022-08-20 00:27:00",0.73
"2022-08-20","2022-08-20 01:22:00",0.76
"2022-08-20","2022-08-20 04:22:00",0.76
"2022-08-20","2022-08-20 05:57:00",0.78
"2022-08-20","2022-08-20 06:42:00",0.8
"2022-08-20","2022-08-20 07:22:00",0.78
"2022-08-20","2022-08-20 08:32:00",0.8
"2022-08-20","2022-08-20 09:22:00",0.8
"2022-08-20","2022-08-20 10:32:00",0.84
"2022-08-20","2022-08-20 11:22:00",0.8
"2022-08-20","2022-08-20 12:27:00",0.82
"2022-08-20","2022-08-20 13:22:00",0.8
"2022-08-20","2022-08-20 14:42:00",0.82
"2022-08-20","2022-08-20 15:32:00",0.84
"2022-08-20","2022-08-20 16:22:00",0.82
"2022-08-20","2022-08-20 17:22:00",0.82
"2022-08-20","2022-08-20 18:32:00",0.82
"2022-08-20","2022-08-20 19:22:00",0.82
"2022-08-20","2022-08-20 20:27:00",0.82
"2022-08-20","2022-08-20 21:17:00",0.82
"2022-08-20","2022-08-20 22:22:00",0.82
"2022-08-20","2022-08-20 23:22:00",0.82
"2022-08-21","2022-08-21 00:22:00",0.82
"2022-08-21","2022-08-21 01:22:00",0.82
"2022-08-21","2022-08-21 04:22:00",0.82
"2022-08-21","2022-08-21 05:57:00",0.84
"2022-08-21","2022-08-21 06:42:00",0.84
"2022-08-21","2022-08-21 07:22:00",0.8
"2022-08-21","2022-08-21 08:27:00",0.82
"2022-08-21","2022-08-21 09:22:00",0.82
"2022-08-21","2022-08-21 10:27:00",0.82
"2022-08-21","2022-08-21 11:22:00",0.84
"2022-08-21","2022-08-21 12:27:00",0.82
"2022-08-21","2022-08-21 13:17:00",0.84
"2022-08-21","2022-08-21 14:42:00",0.85
"2022-08-21","2022-08-21 15:32:00",0.85
"2022-08-21","2022-08-21 17:22:00",0.86
"2022-08-21","2022-08-21 18:32:00",0.89
"2022-08-21","2022-08-21 19:22:00",0.89
"2022-08-21","2022-08-21 20:27:00",0.9
"2022-08-21","2022-08-21 21:17:00",0.9
"2022-08-21","2022-08-21 22:27:00",0.9
"2022-08-21","2022-08-21 23:22:00",0.93
"2022-08-22","2022-08-22 00:22:00",0.93
"2022-08-22","2022-08-22 01:22:00",0.93
"2022-08-22","2022-08-22 04:22:00",0.94
"2022-08-22","2022-08-22 06:27:00",0.97
"2022-08-22","2022-08-22 07:47:00",0.97
"2022-08-22","2022-08-22 08:32:00",1
"2022-08-22","2022-08-22 09:22:00",1
"2022-08-22","2022-08-22 10:32:00",1.01
"2022-08-22","2022-08-22 11:22:00",1.01
"2022-08-22","2022-08-22 12:27:00",1.05
"2022-08-22","2022-08-22 13:22:00",1.05
"2022-08-22","2022-08-22 14:47:00",1.09
"2022-08-22","2022-08-22 15:47:00",1.09
"2022-08-22","2022-08-22 16:22:00",1.09
"2022-08-22","2022-08-22 17:27:00",1.12
"2022-08-22","2022-08-22 18:32:00",1.12
"2022-08-22","2022-08-22 19:22:00",1.13
"2022-08-22","2022-08-22 20:27:00",1.16
"2022-08-22","2022-08-22 20:32:00",1.16
"2022-08-22","2022-08-22 21:22:00",1.17
"2022-08-22","2022-08-22 22:22:00",1.2
"2022-08-22","2022-08-22 23:22:00",1.2
"2022-08-23","2022-08-23 00:27:00",1.24
"2022-08-23","2022-08-23 01:22:00",1.25
"2022-08-23","2022-08-23 04:32:00",1.32
"2022-08-23","2022-08-23 06:47:00",1.37
"2022-08-23","2022-08-23 07:57:00",1.37
"2022-08-23","2022-08-23 08:37:00",1.4
"2022-08-23","2022-08-23 09:27:00",1.41
"2022-08-23","2022-08-23 10:32:00",1.41
"2022-08-23","2022-08-23 11:22:00",1.45
"2022-08-23","2022-08-23 12:27:00",1.48
"2022-08-23","2022-08-23 13:22:00",1.48
"2022-08-23","2022-08-23 14:47:00",1.49
"2022-08-23","2022-08-23 15:42:00",1.52
"2022-08-23","2022-08-23 16:22:00",1.52
"2022-08-23","2022-08-23 17:27:00",1.53
"2022-08-23","2022-08-23 18:32:00",1.53
"2022-08-23","2022-08-23 19:27:00",1.56
"2022-08-23","2022-08-23 20:32:00",1.56
"2022-08-23","2022-08-23 21:17:00",1.56
"2022-08-23","2022-08-23 22:22:00",1.57
"2022-08-23","2022-08-23 23:22:00",1.57
"2022-08-24","2022-08-24 00:22:00",1.57
"2022-08-24","2022-08-24 01:22:00",1.6
"2022-08-24","2022-08-24 04:27:00",1.6
"2022-08-24","2022-08-24 06:37:00",1.6
"2022-08-24","2022-08-24 07:47:00",1.61
"2022-08-24","2022-08-24 08:32:00",1.61
"2022-08-24","2022-08-24 09:22:00",1.6
"2022-08-24","2022-08-24 10:32:00",1.6
"2022-08-24","2022-08-24 11:27:00",1.61
"2022-08-24","2022-08-24 12:27:00",1.61
"2022-08-24","2022-08-24 13:22:00",1.61
"2022-08-24","2022-08-24 14:47:00",1.61
"2022-08-24","2022-08-24 15:42:00",1.6
"2022-08-24","2022-08-24 16:22:00",1.61
"2022-08-24","2022-08-24 17:27:00",1.61
"2022-08-24","2022-08-24 18:32:00",1.6
"2022-08-24","2022-08-24 19:22:00",1.6
"2022-08-24","2022-08-24 20:37:00",1.61
"2022-08-24","2022-08-24 21:22:00",1.6
"2022-08-24","2022-08-24 22:27:00",1.6
"2022-08-24","2022-08-24 23:22:00",1.6
"2022-08-25","2022-08-25 00:22:00",1.6
"2022-08-25","2022-08-25 01:27:00",1.6
"2022-08-25","2022-08-25 04:32:00",1.57
"2022-08-25","2022-08-25 06:42:00",1.57
"2022-08-25","2022-08-25 07:57:00",1.56
"2022-08-25","2022-08-25 08:42:00",1.57
"2022-08-25","2022-08-25 09:27:00",1.53
"2022-08-25","2022-08-25 10:32:00",1.6
"2022-08-25","2022-08-25 11:22:00",1.56
"2022-08-25","2022-08-25 12:27:00",1.56
"2022-08-25","2022-08-25 13:22:00",1.56
"2022-08-25","2022-08-25 14:47:00",1.53
"2022-08-25","2022-08-25 15:47:00",1.56
"2022-08-25","2022-08-25 16:22:00",1.53
"2022-08-25","2022-08-25 17:27:00",1.53
"2022-08-25","2022-08-25 18:32:00",1.53
"2022-08-25","2022-08-25 19:22:00",1.53
"2022-08-25","2022-08-25 20:27:00",1.56
"2022-08-25","2022-08-25 21:22:00",1.53
"2022-08-25","2022-08-25 22:27:00",1.53
"2022-08-25","2022-08-25 23:22:00",1.53
"2022-08-26","2022-08-26 00:22:00",1.52
"2022-08-26","2022-08-26 01:32:00",1.56
"2022-08-26","2022-08-26 04:37:00",1.49
"2022-08-26","2022-08-26 06:52:00",1.48
"2022-08-26","2022-08-26 08:02:00",1.48
"2022-08-26","2022-08-26 09:27:00",1.44
"2022-08-26","2022-08-26 10:32:00",1.45
"2022-08-26","2022-08-26 11:27:00",1.45
"2022-08-26","2022-08-26 12:27:00",1.44
"2022-08-26","2022-08-26 13:22:00",1.44
"2022-08-26","2022-08-26 14:47:00",1.44
"2022-08-26","2022-08-26 15:42:00",1.44
"2022-08-26","2022-08-26 16:22:00",1.44
"2022-08-26","2022-08-26 17:27:00",1.44
"2022-08-26","2022-08-26 18:32:00",1.41
"2022-08-26","2022-08-26 19:27:00",1.41
"2022-08-26","2022-08-26 20:27:00",1.41
"2022-08-26","2022-08-26 21:22:00",1.4
"2022-08-26","2022-08-26 22:27:00",1.4
"2022-08-26","2022-08-26 23:22:00",1.41
"2022-08-27","2022-08-27 00:27:00",1.41
"2022-08-27","2022-08-27 01:22:00",1.44
"2022-08-27","2022-08-27 04:32:00",1.4
"2022-08-27","2022-08-27 06:22:00",1.4
"2022-08-27","2022-08-27 07:32:00",1.4
"2022-08-27","2022-08-27 08:27:00",1.41
"2022-08-27","2022-08-27 09:22:00",1.4
"2022-08-27","2022-08-27 10:27:00",1.4
"2022-08-27","2022-08-27 11:22:00",1.37
"2022-08-27","2022-08-27 12:27:00",1.4
"2022-08-27","2022-08-27 13:22:00",1.37
"2022-08-27","2022-08-27 14:47:00",1.37
"2022-08-27","2022-08-27 15:37:00",1.4
"2022-08-27","2022-08-27 17:27:00",1.37
"2022-08-27","2022-08-27 18:32:00",1.37
"2022-08-27","2022-08-27 19:22:00",1.37
"2022-08-27","2022-08-27 20:27:00",1.37
"2022-08-27","2022-08-27 21:17:00",1.37
"2022-08-27","2022-08-27 22:22:00",1.36
"2022-08-27","2022-08-27 23:22:00",1.37
"2022-08-28","2022-08-28 00:22:00",1.36
"2022-08-28","2022-08-28 01:27:00",1.37
"2022-08-28","2022-08-28 04:37:00",1.37
"2022-08-28","2022-08-28 06:17:00",1.36
"2022-08-28","2022-08-28 07:32:00",1.36
"2022-08-28","2022-08-28 08:32:00",1.33
"2022-08-28","2022-08-28 09:22:00",1.36
"2022-08-28","2022-08-28 10:27:00",1.36
"2022-08-28","2022-08-28 11:22:00",1.36
"2022-08-28","2022-08-28 12:27:00",1.37
"2022-08-28","2022-08-28 13:22:00",1.33
"2022-08-28","2022-08-28 14:42:00",1.33
"2022-08-28","2022-08-28 15:37:00",1.33
"2022-08-28","2022-08-28 16:22:00",1.33
"2022-08-28","2022-08-28 17:22:00",1.33
"2022-08-28","2022-08-28 18:32:00",1.33
"2022-08-28","2022-08-28 19:22:00",1.33
"2022-08-28","2022-08-28 20:27:00",1.33
"2022-08-28","2022-08-28 21:17:00",1.33
"2022-08-28","2022-08-28 22:27:00",1.33
"2022-08-28","2022-08-28 23:22:00",1.33
"2022-08-29","2022-08-29 00:22:00",1.33
"2022-08-29","2022-08-29 01:22:00",1.33
"2022-08-29","2022-08-29 04:37:00",1.33
"2022-08-29","2022-08-29 06:47:00",1.33
"2022-08-29","2022-08-29 08:12:00",1.33
"2022-08-29","2022-08-29 09:32:00",1.33
"2022-08-29","2022-08-29 10:32:00",1.33
"2022-08-29","2022-08-29 11:22:00",1.33
"2022-08-29","2022-08-29 12:27:00",1.33
"2022-08-29","2022-08-29 13:22:00",1.33
"2022-08-29","2022-08-29 14:47:00",1.33
"2022-08-29","2022-08-29 15:42:00",1.33
"2022-08-29","2022-08-29 17:27:00",1.36
"2022-08-29","2022-08-29 18:37:00",1.4
"2022-08-29","2022-08-29 19:27:00",1.37
"2022-08-29","2022-08-29 20:27:00",1.37
"2022-08-29","2022-08-29 21:17:00",1.41
"2022-08-29","2022-08-29 22:27:00",1.44
"2022-08-29","2022-08-29 23:22:00",1.41
"2022-08-30","2022-08-30 00:27:00",1.41
"2022-08-30","2022-08-30 01:27:00",1.44
"2022-08-30","2022-08-30 04:42:00",1.45
"2022-08-30","2022-08-30 06:52:00",1.44
"2022-08-30","2022-08-30 08:17:00",1.44
"2022-08-30","2022-08-30 09:32:00",1.44
"2022-08-30","2022-08-30 10:32:00",1.44
"2022-08-30","2022-08-30 11:27:00",1.41
"2022-08-30","2022-08-30 12:27:00",1.44
"2022-08-30","2022-08-30 13:22:00",1.41
"2022-08-30","2022-08-30 14:52:00",1.41
"2022-08-30","2022-08-30 15:57:00",1.41
"2022-08-30","2022-08-30 17:27:00",1.41
"2022-08-30","2022-08-30 18:37:00",1.41
"2022-08-30","2022-08-30 19:27:00",1.41
"2022-08-30","2022-08-30 20:27:00",1.41
"2022-08-30","2022-08-30 21:22:00",1.41
"2022-08-30","2022-08-30 23:22:00",1.41
"2022-08-31","2022-08-31 00:22:00",1.41
"2022-08-31","2022-08-31 01:27:00",1.41
"2022-08-31","2022-08-31 04:47:00",1.44
"2022-08-31","2022-08-31 07:07:00",1.45
"2022-08-31","2022-08-31 09:42:00",1.44
"2022-08-31","2022-08-31 10:32:00",1.44
"2022-08-31","2022-08-31 11:27:00",1.44
"2022-08-31","2022-08-31 12:27:00",1.41
"2022-08-31","2022-08-31 13:22:00",1.41
"2022-08-31","2022-08-31 14:52:00",1.41
"2022-08-31","2022-08-31 15:47:00",1.41
"2022-08-31","2022-08-31 16:22:00",1.4
"2022-08-31","2022-08-31 17:27:00",1.4
"2022-08-31","2022-08-31 18:37:00",1.4
"2022-08-31","2022-08-31 19:27:00",1.37
"2022-08-31","2022-08-31 20:32:00",1.33
"2022-08-31","2022-08-31 21:22:00",1.37
"2022-08-31","2022-08-31 22:27:00",1.37
"2022-08-31","2022-08-31 23:22:00",1.36
"2022-09-01","2022-09-01 00:27:00",1.33
"2022-09-01","2022-09-01 01:27:00",1.33
"2022-09-01","2022-09-01 04:27:00",1.32
"2022-09-01","2022-09-01 06:37:00",1.29
"2022-09-01","2022-09-01 07:57:00",1.32
"2022-09-01","2022-09-01 08:37:00",1.28
"2022-09-01","2022-09-01 09:27:00",1.28
"2022-09-01","2022-09-01 10:32:00",1.28
"2022-09-01","2022-09-01 11:22:00",1.25
"2022-09-01","2022-09-01 12:27:00",1.28
"2022-09-01","2022-09-01 13:22:00",1.28
"2022-09-01","2022-09-01 14:47:00",1.25
"2022-09-01","2022-09-01 15:42:00",1.28
"2022-09-01","2022-09-01 16:22:00",1.25
"2022-09-01","2022-09-01 17:27:00",1.28
"2022-09-01","2022-09-01 18:37:00",1.25
"2022-09-01","2022-09-01 19:27:00",1.25
"2022-09-01","2022-09-01 20:32:00",1.25
"2022-09-01","2022-09-01 21:22:00",1.25
"2022-09-01","2022-09-01 22:27:00",1.25
"2022-09-01","2022-09-01 23:22:00",1.28
"2022-09-02","2022-09-02 01:27:00",1.28
"2022-09-02","2022-09-02 04:32:00",1.25
"2022-09-02","2022-09-02 06:47:00",1.24
"2022-09-02","2022-09-02 08:07:00",1.25
"2022-09-02","2022-09-02 09:27:00",1.25
"2022-09-02","2022-09-02 10:32:00",1.25
"2022-09-02","2022-09-02 11:27:00",1.25
"2022-09-02","2022-09-02 12:27:00",1.25
"2022-09-02","2022-09-02 13:22:00",1.28
"2022-09-02","2022-09-02 14:47:00",1.25
"2022-09-02","2022-09-02 15:42:00",1.25
"2022-09-02","2022-09-02 16:22:00",1.25
"2022-09-02","2022-09-02 17:27:00",1.25
"2022-09-02","2022-09-02 18:32:00",1.25
"2022-09-02","2022-09-02 19:27:00",1.24
"2022-09-02","2022-09-02 20:32:00",1.24
"2022-09-02","2022-09-02 21:17:00",1.24
"2022-09-02","2022-09-02 22:27:00",1.24
"2022-09-02","2022-09-02 23:17:00",1.25
"2022-09-03","2022-09-03 00:27:00",1.24
"2022-09-03","2022-09-03 01:22:00",1.24
"2022-09-03","2022-09-03 04:37:00",1.24
"2022-09-03","2022-09-03 06:22:00",1.25
"2022-09-03","2022-09-03 07:37:00",1.25
"2022-09-03","2022-09-03 08:32:00",1.24
"2022-09-03","2022-09-03 09:22:00",1.24
"2022-09-03","2022-09-03 10:32:00",1.25
"2022-09-03","2022-09-03 11:22:00",1.25
"2022-09-03","2022-09-03 12:27:00",1.25
"2022-09-03","2022-09-03 13:17:00",1.25
"2022-09-03","2022-09-03 14:42:00",1.28
"2022-09-03","2022-09-03 15:32:00",1.25
"2022-09-03","2022-09-03 16:22:00",1.25
"2022-09-03","2022-09-03 17:27:00",1.25
"2022-09-03","2022-09-03 18:32:00",1.29
"2022-09-03","2022-09-03 19:22:00",1.28
"2022-09-03","2022-09-03 20:27:00",1.29
"2022-09-03","2022-09-03 21:22:00",1.25
"2022-09-03","2022-09-03 22:27:00",1.28
"2022-09-03","2022-09-03 23:22:00",1.28
"2022-09-04","2022-09-04 00:22:00",1.28
"2022-09-04","2022-09-04 01:22:00",1.28
"2022-09-04","2022-09-04 04:32:00",1.29
"2022-09-04","2022-09-04 06:27:00",1.29
"2022-09-04","2022-09-04 07:37:00",1.32
"2022-09-04","2022-09-04 08:32:00",1.32
"2022-09-04","2022-09-04 09:22:00",1.29
"2022-09-04","2022-09-04 10:27:00",1.29
"2022-09-04","2022-09-04 11:22:00",1.29
"2022-09-04","2022-09-04 12:27:00",1.28
"2022-09-04","2022-09-04 13:17:00",1.28
"2022-09-04","2022-09-04 14:42:00",1.28
"2022-09-04","2022-09-04 15:37:00",1.28
"2022-09-04","2022-09-04 17:22:00",1.25
"2022-09-04","2022-09-04 18:32:00",1.25
"2022-09-04","2022-09-04 19:22:00",1.24
"2022-09-04","2022-09-04 20:27:00",1.24
"2022-09-04","2022-09-04 21:22:00",1.24
"2022-09-04","2022-09-04 22:27:00",1.21
"2022-09-04","2022-09-04 23:22:00",1.24
"2022-09-05","2022-09-05 00:22:00",1.24
"2022-09-05","2022-09-05 01:22:00",1.24
"2022-09-05","2022-09-05 04:37:00",1.24
"2022-09-05","2022-09-05 06:52:00",1.24
"2022-09-05","2022-09-05 08:07:00",1.21
"2022-09-05","2022-09-05 09:37:00",1.2
"2022-09-05","2022-09-05 10:27:00",1.2
"2022-09-05","2022-09-05 11:27:00",1.21
"2022-09-05","2022-09-05 12:27:00",1.21
"2022-09-05","2022-09-05 13:22:00",1.2
"2022-09-05","2022-09-05 14:47:00",1.2
"2022-09-05","2022-09-05 15:47:00",1.2
"2022-09-05","2022-09-05 17:27:00",1.2
"2022-09-05","2022-09-05 18:37:00",1.17
"2022-09-05","2022-09-05 19:27:00",1.2
"2022-09-05","2022-09-05 20:32:00",1.17
"2022-09-05","2022-09-05 21:22:00",1.17
"2022-09-05","2022-09-05 22:27:00",1.17
"2022-09-05","2022-09-05 23:22:00",1.17
"2022-09-06","2022-09-06 00:22:00",1.16
"2022-09-06","2022-09-06 01:27:00",1.16
"2022-09-06","2022-09-06 04:42:00",1.16
"2022-09-06","2022-09-06 06:57:00",1.16
"2022-09-06","2022-09-06 08:22:00",1.16
"2022-09-06","2022-09-06 09:42:00",1.13
"2022-09-06","2022-09-06 10:32:00",1.16
"2022-09-06","2022-09-06 11:22:00",1.13
"2022-09-06","2022-09-06 12:27:00",1.13
"2022-09-06","2022-09-06 13:22:00",1.13
"2022-09-06","2022-09-06 14:52:00",1.16
"2022-09-06","2022-09-06 15:47:00",1.13
"2022-09-06","2022-09-06 16:27:00",1.16
"2022-09-06","2022-09-06 17:27:00",1.13
"2022-09-06","2022-09-06 18:37:00",1.16
"2022-09-06","2022-09-06 19:32:00",1.13
"2022-09-06","2022-09-06 20:32:00",1.16
"2022-09-06","2022-09-06 21:17:00",1.16
"2022-09-06","2022-09-06 22:27:00",1.16
"2022-09-06","2022-09-06 23:22:00",1.17
"2022-09-07","2022-09-07 00:27:00",1.17
"2022-09-07","2022-09-07 01:27:00",1.2
"2022-09-07","2022-09-07 04:42:00",1.21
"2022-09-07","2022-09-07 07:02:00",1.21
"2022-09-07","2022-09-07 08:22:00",1.21
"2022-09-07","2022-09-07 09:47:00",1.24
"2022-09-07","2022-09-07 10:32:00",1.2
"2022-09-07","2022-09-07 11:27:00",1.2
"2022-09-07","2022-09-07 12:32:00",1.21
"2022-09-07","2022-09-07 13:22:00",1.21
"2022-09-07","2022-09-07 14:52:00",1.2
"2022-09-07","2022-09-07 15:57:00",1.2
"2022-09-07","2022-09-07 17:27:00",1.2
"2022-09-07","2022-09-07 18:37:00",1.2
"2022-09-07","2022-09-07 19:37:00",1.2
"2022-09-07","2022-09-07 20:32:00",1.2
"2022-09-07","2022-09-07 21:22:00",1.17
"2022-09-07","2022-09-07 22:32:00",1.2
"2022-09-07","2022-09-07 23:27:00",1.16
"2022-09-08","2022-09-08 00:22:00",1.17
"2022-09-08","2022-09-08 01:32:00",1.17
"2022-09-08","2022-09-08 04:37:00",1.16
"2022-09-08","2022-09-08 06:42:00",1.17
"2022-09-08","2022-09-08 08:07:00",1.2
"2022-09-08","2022-09-08 09:37:00",1.17
"2022-09-08","2022-09-08 10:32:00",1.17
"2022-09-08","2022-09-08 11:27:00",1.2
"2022-09-08","2022-09-08 12:27:00",1.22
"2022-09-08","2022-09-08 13:22:00",1.24
"2022-09-08","2022-09-08 14:47:00",1.2
"2022-09-08","2022-09-08 15:42:00",1.16
"2022-09-08","2022-09-08 16:27:00",1.2
"2022-09-08","2022-09-08 17:27:00",1.2
"2022-09-08","2022-09-08 18:37:00",1.2
"2022-09-08","2022-09-08 19:32:00",1.17
"2022-09-08","2022-09-08 20:27:00",1.17
"2022-09-08","2022-09-08 21:27:00",1.2
"2022-09-08","2022-09-08 22:27:00",1.17
"2022-09-08","2022-09-08 23:22:00",1.17
"2022-09-09","2022-09-09 00:27:00",1.17
"2022-09-09","2022-09-09 01:27:00",1.17
"2022-09-09","2022-09-09 06:37:00",1.16
"2022-09-09","2022-09-09 07:57:00",1.17
"2022-09-09","2022-09-09 08:47:00",1.16
"2022-09-09","2022-09-09 09:32:00",1.16
"2022-09-09","2022-09-09 10:37:00",1.16
"2022-09-09","2022-09-09 11:27:00",1.16
"2022-09-09","2022-09-09 12:32:00",1.17
"2022-09-09","2022-09-09 13:22:00",1.16
"2022-09-09","2022-09-09 14:52:00",1.17
"2022-09-09","2022-09-09 15:52:00",1.17
"2022-09-09","2022-09-09 17:27:00",1.17
"2022-09-09","2022-09-09 18:37:00",1.2
"2022-09-09","2022-09-09 19:32:00",1.2
"2022-09-09","2022-09-09 20:32:00",1.21
"2022-09-09","2022-09-09 21:22:00",1.21
"2022-09-09","2022-09-09 22:27:00",1.24
"2022-09-09","2022-09-09 23:22:00",1.24
"2022-09-10","2022-09-10 00:27:00",1.25
"2022-09-10","2022-09-10 01:27:00",1.25
"2022-09-10","2022-09-10 04:37:00",1.29
"2022-09-10","2022-09-10 06:42:00",1.29
"2022-09-10","2022-09-10 07:47:00",1.32
"2022-09-10","2022-09-10 08:32:00",1.29
"2022-09-10","2022-09-10 09:27:00",1.29
"2022-09-10","2022-09-10 10:32:00",1.33
"2022-09-10","2022-09-10 11:22:00",1.28
"2022-09-10","2022-09-10 12:27:00",1.29
"2022-09-10","2022-09-10 13:22:00",1.25
"2022-09-10","2022-09-10 14:42:00",1.28
"2022-09-10","2022-09-10 15:37:00",1.28
"2022-09-10","2022-09-10 16:22:00",1.28
"2022-09-10","2022-09-10 17:27:00",1.25
"2022-09-10","2022-09-10 18:32:00",1.28
"2022-09-10","2022-09-10 19:27:00",1.28
"2022-09-10","2022-09-10 20:32:00",1.28
"2022-09-10","2022-09-10 21:22:00",1.28
"2022-09-10","2022-09-10 22:27:00",1.29
"2022-09-10","2022-09-10 23:22:00",1.29
"2022-09-11","2022-09-11 00:22:00",1.29
"2022-09-11","2022-09-11 01:27:00",1.29
"2022-09-11","2022-09-11 04:42:00",1.32
"2022-09-11","2022-09-11 06:27:00",1.33
"2022-09-11","2022-09-11 07:42:00",1.36
"2022-09-11","2022-09-11 08:32:00",1.37
"2022-09-11","2022-09-11 09:22:00",1.37
"2022-09-11","2022-09-11 10:27:00",1.36
"2022-09-11","2022-09-11 11:22:00",1.4
"2022-09-11","2022-09-11 12:27:00",1.4
"2022-09-11","2022-09-11 13:22:00",1.41
"2022-09-11","2022-09-11 14:47:00",1.41
"2022-09-11","2022-09-11 15:37:00",1.44
"2022-09-11","2022-09-11 16:22:00",1.44
"2022-09-11","2022-09-11 17:27:00",1.44
"2022-09-11","2022-09-11 18:32:00",1.45
"2022-09-11","2022-09-11 19:27:00",1.48
"2022-09-11","2022-09-11 20:32:00",1.48
"2022-09-11","2022-09-11 21:22:00",1.52
"2022-09-11","2022-09-11 22:27:00",1.53
"2022-09-11","2022-09-11 23:22:00",1.53
"2022-09-12","2022-09-12 00:27:00",1.56
"2022-09-12","2022-09-12 01:27:00",1.53
"2022-09-12","2022-09-12 04:42:00",1.6
"2022-09-12","2022-09-12 07:02:00",1.56
"2022-09-12","2022-09-12 08:22:00",1.6
"2022-09-12","2022-09-12 09:42:00",1.6
"2022-09-12","2022-09-12 10:37:00",1.6
"2022-09-12","2022-09-12 11:27:00",1.6
"2022-09-12","2022-09-12 12:32:00",1.6
"2022-09-12","2022-09-12 13:22:00",1.61
"2022-09-12","2022-09-12 14:57:00",1.6
"2022-09-12","2022-09-12 15:52:00",1.61
"2022-09-12","2022-09-12 16:32:00",1.64
"2022-09-12","2022-09-12 17:32:00",1.61
"2022-09-12","2022-09-12 18:42:00",1.64
"2022-09-12","2022-09-12 19:37:00",1.64
"2022-09-12","2022-09-12 20:32:00",1.64
"2022-09-12","2022-09-12 21:22:00",1.64
"2022-09-12","2022-09-12 22:27:00",1.64
"2022-09-12","2022-09-12 23:27:00",1.61
"2022-09-13","2022-09-13 00:27:00",1.61
"2022-09-13","2022-09-13 01:32:00",1.61
"2022-09-13","2022-09-13 04:37:00",1.6
"2022-09-13","2022-09-13 06:52:00",1.61
"2022-09-13","2022-09-13 08:17:00",1.6
"2022-09-13","2022-09-13 09:42:00",1.57
"2022-09-13","2022-09-13 10:32:00",1.57
"2022-09-13","2022-09-13 11:27:00",1.56
"2022-09-13","2022-09-13 12:27:00",1.57
"2022-09-13","2022-09-13 13:22:00",1.56
"2022-09-13","2022-09-13 14:52:00",1.56
"2022-09-13","2022-09-13 15:57:00",1.56
"2022-09-13","2022-09-13 16:32:00",1.53
"2022-09-13","2022-09-13 17:27:00",1.56
"2022-09-13","2022-09-13 18:37:00",1.56
"2022-09-13","2022-09-13 19:37:00",1.56
"2022-09-13","2022-09-13 20:32:00",1.56
"2022-09-13","2022-09-13 21:22:00",1.56
"2022-09-13","2022-09-13 22:27:00",1.56
"2022-09-13","2022-09-13 23:22:00",1.56
"2022-09-14","2022-09-14 00:27:00",1.56
"2022-09-14","2022-09-14 01:27:00",1.56
"2022-09-14","2022-09-14 04:37:00",1.57
"2022-09-14","2022-09-14 06:47:00",1.56
"2022-09-14","2022-09-14 08:12:00",1.56
"2022-09-14","2022-09-14 09:37:00",1.6
"2022-09-14","2022-09-14 10:32:00",1.61
"2022-09-14","2022-09-14 11:27:00",1.61
"2022-09-14","2022-09-14 12:27:00",1.6
"2022-09-14","2022-09-14 13:22:00",1.6
"2022-09-14","2022-09-14 14:52:00",1.57
"2022-09-14","2022-09-14 15:57:00",1.6
"2022-09-14","2022-09-14 17:27:00",1.57
"2022-09-14","2022-09-14 18:37:00",1.61
"2022-09-14","2022-09-14 19:32:00",1.64
"2022-09-14","2022-09-14 20:32:00",1.61
"2022-09-14","2022-09-14 21:22:00",1.61
"2022-09-14","2022-09-14 22:32:00",1.61
"2022-09-14","2022-09-14 23:22:00",1.61
"2022-09-15","2022-09-15 00:27:00",1.61
"2022-09-15","2022-09-15 01:27:00",1.61
"2022-09-15","2022-09-15 04:47:00",1.65
"2022-09-15","2022-09-15 06:52:00",1.68
"2022-09-15","2022-09-15 08:07:00",1.68
"2022-09-15","2022-09-15 09:37:00",1.68
"2022-09-15","2022-09-15 10:37:00",1.68
"2022-09-15","2022-09-15 11:27:00",1.68
"2022-09-15","2022-09-15 12:27:00",1.73
"2022-09-15","2022-09-15 13:22:00",1.73
"2022-09-15","2022-09-15 14:57:00",1.76
"2022-09-15","2022-09-15 15:57:00",1.76
"2022-09-15","2022-09-15 16:37:00",1.77
"2022-09-15","2022-09-15 17:27:00",1.77
"2022-09-15","2022-09-15 18:37:00",1.8
"2022-09-15","2022-09-15 19:32:00",1.77
"2022-09-15","2022-09-15 20:32:00",1.8
"2022-09-15","2022-09-15 21:22:00",1.81
"2022-09-15","2022-09-15 22:27:00",1.81
"2022-09-15","2022-09-15 23:27:00",1.84
"2022-09-16","2022-09-16 00:27:00",1.84
"2022-09-16","2022-09-16 01:32:00",1.85
"2022-09-16","2022-09-16 04:47:00",1.92
"2022-09-16","2022-09-16 06:57:00",1.96
"2022-09-16","2022-09-16 08:12:00",1.96
"2022-09-16","2022-09-16 09:32:00",2
"2022-09-16","2022-09-16 10:32:00",2.01
"2022-09-16","2022-09-16 11:27:00",2.01
"2022-09-16","2022-09-16 12:27:00",2.01
"2022-09-16","2022-09-16 13:22:00",2.04
"2022-09-16","2022-09-16 14:52:00",2.04
"2022-09-16","2022-09-16 15:57:00",2.05
"2022-09-16","2022-09-16 16:32:00",2.05
"2022-09-16","2022-09-16 17:27:00",2.05
"2022-09-16","2022-09-16 18:37:00",2.04
"2022-09-16","2022-09-16 19:42:00",2.05
"2022-09-16","2022-09-16 20:32:00",2.08
"2022-09-16","2022-09-16 21:22:00",2.08
"2022-09-16","2022-09-16 22:27:00",2.08
"2022-09-16","2022-09-16 23:22:00",2.08
"2022-09-17","2022-09-17 00:27:00",2.08
"2022-09-17","2022-09-17 01:27:00",2.11
"2022-09-17","2022-09-17 04:32:00",2.08
"2022-09-17","2022-09-17 06:22:00",2.11
"2022-09-17","2022-09-17 07:42:00",2.13
"2022-09-17","2022-09-17 08:32:00",2.11
"2022-09-17","2022-09-17 09:22:00",2.08
"2022-09-17","2022-09-17 10:32:00",2.08
"2022-09-17","2022-09-17 11:22:00",2.08
"2022-09-17","2022-09-17 12:27:00",2.05
"2022-09-17","2022-09-17 13:22:00",2.01
"2022-09-17","2022-09-17 14:42:00",2
"2022-09-17","2022-09-17 15:37:00",2.01
"2022-09-17","2022-09-17 16:22:00",1.97
"2022-09-17","2022-09-17 17:27:00",1.97
"2022-09-17","2022-09-17 18:37:00",1.97
"2022-09-17","2022-09-17 19:32:00",1.97
"2022-09-17","2022-09-17 20:32:00",1.97
"2022-09-17","2022-09-17 21:22:00",1.97
"2022-09-17","2022-09-17 22:27:00",1.96
"2022-09-17","2022-09-17 23:22:00",2
"2022-09-18","2022-09-18 00:27:00",1.97
"2022-09-18","2022-09-18 01:27:00",1.97
"2022-09-18","2022-09-18 04:52:00",1.92
"2022-09-18","2022-09-18 06:42:00",1.93
"2022-09-18","2022-09-18 07:47:00",1.93
"2022-09-18","2022-09-18 08:32:00",1.92
"2022-09-18","2022-09-18 09:27:00",1.93
"2022-09-18","2022-09-18 10:32:00",1.93
"2022-09-18","2022-09-18 11:27:00",1.93
"2022-09-18","2022-09-18 12:27:00",1.92
"2022-09-18","2022-09-18 13:22:00",1.93
"2022-09-18","2022-09-18 14:47:00",1.92
"2022-09-18","2022-09-18 15:42:00",1.93
"2022-09-18","2022-09-18 16:22:00",1.96
"2022-09-18","2022-09-18 17:27:00",1.96
"2022-09-18","2022-09-18 18:37:00",1.96
"2022-09-18","2022-09-18 19:27:00",2
"2022-09-18","2022-09-18 20:32:00",2.04
"2022-09-18","2022-09-18 21:22:00",2.01
"2022-09-18","2022-09-18 22:27:00",2.01
"2022-09-18","2022-09-18 23:22:00",2.04
"2022-09-19","2022-09-19 00:27:00",2.01
"2022-09-19","2022-09-19 01:27:00",2.01
"2022-09-19","2022-09-19 04:47:00",2
"2022-09-19","2022-09-19 06:57:00",1.96
"2022-09-19","2022-09-19 08:17:00",1.97
"2022-09-19","2022-09-19 09:47:00",1.97
"2022-09-19","2022-09-19 10:37:00",1.96
"2022-09-19","2022-09-19 11:27:00",1.97
"2022-09-19","2022-09-19 12:32:00",1.97
"2022-09-19","2022-09-19 13:22:00",1.96
"2022-09-19","2022-09-19 14:57:00",1.97
"2022-09-19","2022-09-19 15:57:00",1.96
"2022-09-19","2022-09-19 16:32:00",1.97
"2022-09-19","2022-09-19 17:32:00",1.97
"2022-09-19","2022-09-19 18:37:00",2
"2022-09-19","2022-09-19 19:42:00",2
"2022-09-19","2022-09-19 20:37:00",2
"2022-09-19","2022-09-19 21:22:00",2.01
"2022-09-19","2022-09-19 22:27:00",2.01
"2022-09-19","2022-09-19 23:27:00",2.01
"2022-09-20","2022-09-20 00:27:00",2.04
"2022-09-20","2022-09-20 01:32:00",2.04
"2022-09-20","2022-09-20 04:32:00",2.01
"2022-09-20","2022-09-20 06:52:00",2.01
"2022-09-20","2022-09-20 08:12:00",2
"2022-09-20","2022-09-20 10:37:00",1.97
"2022-09-20","2022-09-20 11:32:00",1.96
"2022-09-20","2022-09-20 12:27:00",1.97
"2022-09-20","2022-09-20 13:27:00",1.9
"2022-09-20","2022-09-20 14:52:00",1.96
"2022-09-20","2022-09-20 15:57:00",1.96
"2022-09-20","2022-09-20 16:32:00",1.97
"2022-09-20","2022-09-20 17:27:00",1.94
"2022-09-20","2022-09-20 18:37:00",1.96
"2022-09-20","2022-09-20 19:32:00",1.91
"2022-09-20","2022-09-20 20:32:00",1.93
"2022-09-20","2022-09-20 21:27:00",1.95
"2022-09-20","2022-09-20 22:27:00",1.96
"2022-09-20","2022-09-20 23:27:00",1.93
"2022-09-21","2022-09-21 00:32:00",1.96
"2022-09-21","2022-09-21 01:32:00",1.96
"2022-09-21","2022-09-21 04:47:00",1.97
"2022-09-21","2022-09-21 06:57:00",1.96
"2022-09-21","2022-09-21 08:17:00",1.92
"2022-09-21","2022-09-21 09:47:00",1.93
"2022-09-21","2022-09-21 10:37:00",1.87
"2022-09-21","2022-09-21 11:27:00",1.89
"2022-09-21","2022-09-21 12:32:00",1.92
"2022-09-21","2022-09-21 13:22:00",1.89
"2022-09-21","2022-09-21 14:57:00",1.92
"2022-09-21","2022-09-21 15:57:00",1.96
"2022-09-21","2022-09-21 16:32:00",1.94
"2022-09-21","2022-09-21 17:27:00",1.88
"2022-09-21","2022-09-21 18:42:00",1.89
"2022-09-21","2022-09-21 19:37:00",1.94
"2022-09-21","2022-09-21 20:32:00",1.89
"2022-09-21","2022-09-21 21:22:00",1.9
"2022-09-21","2022-09-21 22:27:00",1.9
"2022-09-22","2022-09-22 00:27:00",1.88
"2022-09-22","2022-09-22 01:27:00",1.85
"2022-09-22","2022-09-22 04:32:00",1.82
"2022-09-22","2022-09-22 06:52:00",1.84
"2022-09-22","2022-09-22 08:07:00",1.79
"2022-09-22","2022-09-22 09:42:00",1.79
"2022-09-22","2022-09-22 10:37:00",1.79
"2022-09-22","2022-09-22 11:32:00",1.83
"2022-09-22","2022-09-22 12:27:00",1.82
"2022-09-22","2022-09-22 13:22:00",1.79
"2022-09-22","2022-09-22 14:52:00",1.77
"2022-09-22","2022-09-22 15:57:00",1.79
"2022-09-22","2022-09-22 16:32:00",1.78
"2022-09-22","2022-09-22 17:27:00",1.83
"2022-09-22","2022-09-22 18:37:00",1.79
"2022-09-22","2022-09-22 19:37:00",1.83
"2022-09-22","2022-09-22 20:32:00",1.81
"2022-09-22","2022-09-22 21:22:00",1.76
"2022-09-22","2022-09-22 22:27:00",1.78
"2022-09-22","2022-09-22 23:27:00",1.78
"2022-09-23","2022-09-23 00:27:00",1.81
"2022-09-23","2022-09-23 01:27:00",1.79
"2022-09-23","2022-09-23 04:42:00",1.77
"2022-09-23","2022-09-23 06:52:00",1.74
"2022-09-23","2022-09-23 08:07:00",1.73
"2022-09-23","2022-09-23 09:42:00",1.69
"2022-09-23","2022-09-23 10:37:00",1.74
"2022-09-23","2022-09-23 11:27:00",1.72
"2022-09-23","2022-09-23 12:32:00",1.69
"2022-09-23","2022-09-23 13:22:00",1.69
"2022-09-23","2022-09-23 14:52:00",1.68
"2022-09-23","2022-09-23 15:57:00",1.68
"2022-09-23","2022-09-23 16:37:00",1.68
"2022-09-23","2022-09-23 17:32:00",1.68
"2022-09-23","2022-09-23 18:37:00",1.68
"2022-09-23","2022-09-23 19:37:00",1.68
"2022-09-23","2022-09-23 20:37:00",1.65
"2022-09-23","2022-09-23 21:22:00",1.65
"2022-09-23","2022-09-23 22:27:00",1.65
"2022-09-23","2022-09-23 23:27:00",1.64
"2022-09-24","2022-09-24 00:32:00",1.65
"2022-09-24","2022-09-24 01:27:00",1.61
"2022-09-24","2022-09-24 04:42:00",1.61
"2022-09-24","2022-09-24 06:47:00",1.6
"2022-09-24","2022-09-24 07:47:00",1.57
"2022-09-24","2022-09-24 08:37:00",1.57
"2022-09-24","2022-09-24 09:27:00",1.6
"2022-09-24","2022-09-24 10:32:00",1.56
"2022-09-24","2022-09-24 11:27:00",1.57
"2022-09-24","2022-09-24 12:27:00",1.56
"2022-09-24","2022-09-24 13:22:00",1.56
"2022-09-24","2022-09-24 14:47:00",1.56
"2022-09-24","2022-09-24 15:42:00",1.53
"2022-09-24","2022-09-24 16:22:00",1.52
"2022-09-24","2022-09-24 17:27:00",1.52
"2022-09-24","2022-09-24 18:37:00",1.52
"2022-09-24","2022-09-24 19:27:00",1.52
"2022-09-24","2022-09-24 20:32:00",1.52
"2022-09-24","2022-09-24 21:22:00",1.52
"2022-09-24","2022-09-24 22:27:00",1.49
"2022-09-24","2022-09-24 23:27:00",1.49
"2022-09-25","2022-09-25 00:27:00",1.49
"2022-09-25","2022-09-25 01:27:00",1.48
"2022-09-25","2022-09-25 04:42:00",1.48
"2022-09-25","2022-09-25 06:37:00",1.48
"2022-09-25","2022-09-25 07:42:00",1.48
"2022-09-25","2022-09-25 08:32:00",1.45
"2022-09-25","2022-09-25 09:27:00",1.45
"2022-09-25","2022-09-25 10:32:00",1.45
"2022-09-25","2022-09-25 11:27:00",1.48
"2022-09-25","2022-09-25 12:27:00",1.48
"2022-09-25","2022-09-25 13:22:00",1.45
"2022-09-25","2022-09-25 14:47:00",1.45
"2022-09-25","2022-09-25 15:42:00",1.45
"2022-09-25","2022-09-25 16:22:00",1.45
"2022-09-25","2022-09-25 17:27:00",1.48
"2022-09-25","2022-09-25 18:32:00",1.45
"2022-09-25","2022-09-25 19:27:00",1.45
"2022-09-25","2022-09-25 20:32:00",1.44
"2022-09-25","2022-09-25 21:22:00",1.45
"2022-09-25","2022-09-25 22:27:00",1.45
"2022-09-25","2022-09-25 23:22:00",1.48
"2022-09-26","2022-09-26 00:27:00",1.45
"2022-09-26","2022-09-26 01:27:00",1.48
"2022-09-26","2022-09-26 04:42:00",1.48
"2022-09-26","2022-09-26 07:02:00",1.48
"2022-09-26","2022-09-26 08:17:00",1.48
"2022-09-26","2022-09-26 09:42:00",1.49
"2022-09-26","2022-09-26 10:37:00",1.49
"2022-09-26","2022-09-26 11:32:00",1.49
"2022-09-26","2022-09-26 12:32:00",1.49
"2022-09-26","2022-09-26 13:27:00",1.49
"2022-09-26","2022-09-26 14:57:00",1.49
"2022-09-26","2022-09-26 15:57:00",1.49
"2022-09-26","2022-09-26 16:37:00",1.49
"2022-09-26","2022-09-26 17:32:00",1.53
"2022-09-26","2022-09-26 18:42:00",1.49
"2022-09-26","2022-09-26 19:37:00",1.52
"2022-09-26","2022-09-26 20:32:00",1.52
"2022-09-26","2022-09-26 21:22:00",1.49
"2022-09-26","2022-09-26 22:27:00",1.52
"2022-09-26","2022-09-26 23:27:00",1.52
"2022-09-27","2022-09-27 00:27:00",1.53
"2022-09-27","2022-09-27 01:32:00",1.52
"2022-09-27","2022-09-27 04:32:00",1.53
"2022-09-27","2022-09-27 06:47:00",1.53
"2022-09-27","2022-09-27 08:07:00",1.53
"2022-09-27","2022-09-27 09:47:00",1.53
"2022-09-27","2022-09-27 10:42:00",1.53
"2022-09-27","2022-09-27 11:37:00",1.56
"2022-09-27","2022-09-27 12:32:00",1.56
"2022-09-27","2022-09-27 13:27:00",1.56
"2022-09-27","2022-09-27 14:57:00",1.56
"2022-09-27","2022-09-27 16:02:00",1.61
"2022-09-27","2022-09-27 16:42:00",1.6
"2022-09-27","2022-09-27 17:32:00",1.6
"2022-09-27","2022-09-27 18:42:00",1.61
"2022-09-27","2022-09-27 19:42:00",1.61
"2022-09-27","2022-09-27 20:37:00",1.64
"2022-09-27","2022-09-27 21:27:00",1.64
"2022-09-27","2022-09-27 22:32:00",1.65
"2022-09-27","2022-09-27 23:27:00",1.65
"2022-09-28","2022-09-28 00:32:00",1.64
"2022-09-28","2022-09-28 01:32:00",1.64
"2022-09-28","2022-09-28 04:37:00",1.64
"2022-09-28","2022-09-28 06:57:00",1.65
"2022-09-28","2022-09-28 08:17:00",1.65
"2022-09-28","2022-09-28 09:42:00",1.65
"2022-09-28","2022-09-28 10:37:00",1.68
"2022-09-28","2022-09-28 11:32:00",1.68
"2022-09-28","2022-09-28 12:32:00",1.68
"2022-09-28","2022-09-28 14:52:00",1.65
"2022-09-28","2022-09-28 15:57:00",1.65
"2022-09-28","2022-09-28 16:42:00",1.65
"2022-09-28","2022-09-28 17:32:00",1.65
"2022-09-28","2022-09-28 18:42:00",1.65
"2022-09-28","2022-09-28 19:47:00",1.68
"2022-09-28","2022-09-28 20:37:00",1.65
"2022-09-28","2022-09-28 21:27:00",1.68
"2022-09-28","2022-09-28 22:27:00",1.68
"2022-09-28","2022-09-28 23:27:00",1.69
"2022-09-29","2022-09-29 00:32:00",1.69
"2022-09-29","2022-09-29 01:32:00",1.72
"2022-09-29","2022-09-29 04:42:00",1.72
"2022-09-29","2022-09-29 06:52:00",1.73
"2022-09-29","2022-09-29 08:17:00",1.73
"2022-09-29","2022-09-29 09:42:00",1.76
"2022-09-29","2022-09-29 10:37:00",1.73
"2022-09-29","2022-09-29 11:32:00",1.76
"2022-09-29","2022-09-29 12:32:00",1.76
"2022-09-29","2022-09-29 13:27:00",1.76
"2022-09-29","2022-09-29 14:57:00",1.76
"2022-09-29","2022-09-29 15:57:00",1.77
"2022-09-29","2022-09-29 16:37:00",1.77
"2022-09-29","2022-09-29 17:32:00",1.8
"2022-09-29","2022-09-29 18:42:00",1.8
"2022-09-29","2022-09-29 19:42:00",1.77
"2022-09-29","2022-09-29 20:37:00",1.81
"2022-09-29","2022-09-29 21:27:00",1.81
"2022-09-29","2022-09-29 22:32:00",1.81
"2022-09-29","2022-09-29 23:27:00",1.81
"2022-09-30","2022-09-30 00:27:00",1.81
"2022-09-30","2022-09-30 01:37:00",1.81
"2022-09-30","2022-09-30 04:57:00",1.8
"2022-09-30","2022-09-30 07:02:00",1.81
"2022-09-30","2022-09-30 09:47:00",1.84
"2022-09-30","2022-09-30 10:42:00",1.84
"2022-09-30","2022-09-30 11:37:00",1.85
"2022-09-30","2022-09-30 12:32:00",1.87
"2022-09-30","2022-09-30 13:22:00",1.87
"2022-09-30","2022-09-30 14:57:00",1.92
"2022-09-30","2022-09-30 16:02:00",1.93
"2022-09-30","2022-09-30 17:32:00",1.96
"2022-09-30","2022-09-30 18:42:00",1.97
"2022-09-30","2022-09-30 19:42:00",2.01
"2022-09-30","2022-09-30 20:37:00",1.97
"2022-09-30","2022-09-30 21:27:00",1.97
"2022-09-30","2022-09-30 22:32:00",2
"2022-09-30","2022-09-30 23:27:00",2.01
"2022-10-01","2022-10-01 00:27:00",2.01
"2022-10-01","2022-10-01 01:32:00",2.04
"2022-10-01","2022-10-01 04:52:00",2.08
"2022-10-01","2022-10-01 06:57:00",2.16
"2022-10-01","2022-10-01 08:07:00",2.2
"2022-10-01","2022-10-01 09:32:00",2.23
"2022-10-01","2022-10-01 10:37:00",2.27
"2022-10-01","2022-10-01 11:32:00",2.27
"2022-10-01","2022-10-01 12:32:00",2.28
"2022-10-01","2022-10-01 13:22:00",2.32
"2022-10-01","2022-10-01 14:52:00",2.37
"2022-10-01","2022-10-01 15:47:00",2.36
"2022-10-01","2022-10-01 16:27:00",2.36
"2022-10-01","2022-10-01 17:27:00",2.44
"2022-10-01","2022-10-01 18:37:00",2.47
"2022-10-01","2022-10-01 19:32:00",2.51
"2022-10-01","2022-10-01 20:32:00",2.52
"2022-10-01","2022-10-01 21:22:00",2.56
"2022-10-01","2022-10-01 22:27:00",2.59
"2022-10-01","2022-10-01 23:27:00",2.63
"2022-10-02","2022-10-02 00:27:00",2.67
"2022-10-02","2022-10-02 01:32:00",2.68
"2022-10-02","2022-10-02 04:47:00",2.75
"2022-10-02","2022-10-02 06:47:00",2.83
"2022-10-02","2022-10-02 07:52:00",2.86
"2022-10-02","2022-10-02 08:37:00",2.87
"2022-10-02","2022-10-02 09:27:00",2.96
"2022-10-02","2022-10-02 10:32:00",2.91
"2022-10-02","2022-10-02 11:32:00",2.91
"2022-10-02","2022-10-02 12:27:00",2.96
"2022-10-02","2022-10-02 13:22:00",2.99
"2022-10-02","2022-10-02 14:52:00",3.03
"2022-10-02","2022-10-02 15:42:00",3.04
"2022-10-02","2022-10-02 16:27:00",3.04
"2022-10-02","2022-10-02 17:27:00",3.07
"2022-10-02","2022-10-02 18:37:00",3.08
"2022-10-02","2022-10-02 19:32:00",3.08
"2022-10-02","2022-10-02 20:32:00",3.11
"2022-10-02","2022-10-02 21:22:00",3.11
"2022-10-02","2022-10-02 22:27:00",3.11
"2022-10-02","2022-10-02 23:22:00",3.12
"2022-10-03","2022-10-03 00:27:00",3.15
"2022-10-03","2022-10-03 01:32:00",3.15
"2022-10-03","2022-10-03 04:12:00",3.15
"2022-10-03","2022-10-03 06:07:00",3.19
"2022-10-03","2022-10-03 07:47:00",3.19
"2022-10-03","2022-10-03 08:47:00",3.19
"2022-10-03","2022-10-03 09:37:00",3.19
"2022-10-03","2022-10-03 10:37:00",3.19
"2022-10-03","2022-10-03 11:37:00",3.19
"2022-10-03","2022-10-03 12:32:00",3.19
"2022-10-03","2022-10-03 13:27:00",3.19
"2022-10-03","2022-10-03 14:57:00",3.19
"2022-10-03","2022-10-03 16:02:00",3.2
"2022-10-03","2022-10-03 17:32:00",3.2
"2022-10-03","2022-10-03 18:47:00",3.23
"2022-10-03","2022-10-03 19:47:00",3.23
"2022-10-03","2022-10-03 20:37:00",3.24
"2022-10-03","2022-10-03 21:27:00",3.24
"2022-10-03","2022-10-03 22:32:00",3.23
"2022-10-03","2022-10-03 23:27:00",3.23
"2022-10-04","2022-10-04 00:27:00",3.23
"2022-10-04","2022-10-04 01:32:00",3.23
"2022-10-04","2022-10-04 04:22:00",3.23
"2022-10-04","2022-10-04 06:17:00",3.23
"2022-10-04","2022-10-04 07:47:00",3.23
"2022-10-04","2022-10-04 08:42:00",3.23
"2022-10-04","2022-10-04 09:32:00",3.24
"2022-10-04","2022-10-04 10:37:00",3.23
"2022-10-04","2022-10-04 11:32:00",3.19
"2022-10-04","2022-10-04 12:32:00",3.24
"2022-10-04","2022-10-04 13:22:00",3.23
"2022-10-04","2022-10-04 14:57:00",3.23
"2022-10-04","2022-10-04 16:07:00",3.23
"2022-10-04","2022-10-04 17:32:00",3.23
"2022-10-04","2022-10-04 18:42:00",3.2
"2022-10-04","2022-10-04 19:47:00",3.23
"2022-10-04","2022-10-04 20:42:00",3.23
"2022-10-04","2022-10-04 21:27:00",3.23
"2022-10-04","2022-10-04 22:32:00",3.23
"2022-10-04","2022-10-04 23:27:00",3.23
"2022-10-05","2022-10-05 00:32:00",3.23
"2022-10-05","2022-10-05 01:32:00",3.2
"2022-10-05","2022-10-05 04:22:00",3.23
"2022-10-05","2022-10-05 06:02:00",3.24
"2022-10-05","2022-10-05 07:52:00",3.23
"2022-10-05","2022-10-05 08:47:00",3.26
"2022-10-05","2022-10-05 09:37:00",3.26
"2022-10-05","2022-10-05 10:32:00",3.28
"2022-10-05","2022-10-05 11:32:00",3.28
"2022-10-05","2022-10-05 12:32:00",3.28
"2022-10-05","2022-10-05 13:27:00",3.3
"2022-10-05","2022-10-05 15:02:00",3.34
"2022-10-05","2022-10-05 16:22:00",3.32
"2022-10-05","2022-10-05 17:27:00",3.32
"2022-10-05","2022-10-05 18:57:00",3.34
"2022-10-05","2022-10-05 19:52:00",3.32
"2022-10-05","2022-10-05 20:42:00",3.32
"2022-10-05","2022-10-05 21:37:00",3.34
"2022-10-05","2022-10-05 22:32:00",3.32
"2022-10-05","2022-10-05 23:27:00",3.32
"2022-10-06","2022-10-06 00:32:00",3.32
"2022-10-06","2022-10-06 01:32:00",3.34
"2022-10-06","2022-10-06 04:17:00",3.32
"2022-10-06","2022-10-06 06:02:00",3.3
"2022-10-06","2022-10-06 07:42:00",3.28
"2022-10-06","2022-10-06 08:37:00",3.28
"2022-10-06","2022-10-06 09:32:00",3.28
"2022-10-06","2022-10-06 10:37:00",3.27
"2022-10-06","2022-10-06 11:32:00",3.28
"2022-10-06","2022-10-06 12:32:00",3.28
"2022-10-06","2022-10-06 13:27:00",3.28
"2022-10-06","2022-10-06 14:57:00",3.27
"2022-10-06","2022-10-06 16:02:00",3.27
"2022-10-06","2022-10-06 17:32:00",3.28
"2022-10-06","2022-10-06 18:42:00",3.26
"2022-10-06","2022-10-06 19:42:00",3.26
"2022-10-06","2022-10-06 20:37:00",3.27
"2022-10-06","2022-10-06 21:32:00",3.26
"2022-10-06","2022-10-06 22:32:00",3.27
"2022-10-06","2022-10-06 23:27:00",3.26
"2022-10-07","2022-10-07 00:27:00",3.24
"2022-10-07","2022-10-07 01:37:00",3.23
"2022-10-07","2022-10-07 04:32:00",3.2
"2022-10-07","2022-10-07 06:12:00",3.19
"2022-10-07","2022-10-07 07:42:00",3.15
"2022-10-07","2022-10-07 08:42:00",3.14
"2022-10-07","2022-10-07 09:37:00",3.14
"2022-10-07","2022-10-07 10:37:00",3.12
"2022-10-07","2022-10-07 11:32:00",3.14
"2022-10-07","2022-10-07 12:32:00",3.11
"2022-10-07","2022-10-07 13:27:00",3.12
"2022-10-07","2022-10-07 14:57:00",3.08
"2022-10-07","2022-10-07 16:02:00",3.08
"2022-10-07","2022-10-07 16:42:00",3.07
"2022-10-07","2022-10-07 17:32:00",3.07
"2022-10-07","2022-10-07 18:42:00",3.07
"2022-10-07","2022-10-07 19:42:00",3.04
"2022-10-07","2022-10-07 20:37:00",3.03
"2022-10-07","2022-10-07 21:27:00",3
"2022-10-07","2022-10-07 22:32:00",2.99
"2022-10-07","2022-10-07 23:27:00",2.99
"2022-10-08","2022-10-08 00:32:00",0
"2022-10-08","2022-10-08 01:32:00",0
"2022-10-08","2022-10-08 04:07:00",0
"2022-10-08","2022-10-08 06:02:00",0
"2022-10-08","2022-10-08 07:37:00",0
"2022-10-08","2022-10-08 08:37:00",0
"2022-10-08","2022-10-08 09:27:00",0
"2022-10-08","2022-10-08 10:32:00",0
"2022-10-08","2022-10-08 11:27:00",0
"2022-10-08","2022-10-08 12:32:00",0
"2022-10-08","2022-10-08 13:22:00",0
"2022-10-08","2022-10-08 14:52:00",0
"2022-10-08","2022-10-08 15:52:00",0
"2022-10-08","2022-10-08 16:37:00",0
"2022-10-08","2022-10-08 17:32:00",0
"2022-10-08","2022-10-08 18:42:00",0
"2022-10-08","2022-10-08 19:32:00",0
"2022-10-08","2022-10-08 20:32:00",0
"2022-10-08","2022-10-08 21:27:00",0
"2022-10-08","2022-10-08 22:32:00",0
"2022-10-08","2022-10-08 23:27:00",0
"2022-10-09","2022-10-09 00:27:00",0
"2022-10-09","2022-10-09 01:32:00",0
"2022-10-09","2022-10-09 04:37:00",0
"2022-10-09","2022-10-09 06:27:00",0
"2022-10-09","2022-10-09 07:47:00",0
"2022-10-09","2022-10-09 08:37:00",0
"2022-10-09","2022-10-09 09:27:00",0
"2022-10-09","2022-10-09 10:37:00",0
"2022-10-09","2022-10-09 11:32:00",0
"2022-10-09","2022-10-09 12:32:00",0
"2022-10-09","2022-10-09 13:22:00",0
"2022-10-09","2022-10-09 14:52:00",0
"2022-10-09","2022-10-09 15:47:00",0
"2022-10-09","2022-10-09 16:27:00",0
"2022-10-09","2022-10-09 17:32:00",0
"2022-10-09","2022-10-09 18:42:00",0
"2022-10-09","2022-10-09 19:32:00",0
"2022-10-09","2022-10-09 20:32:00",0
"2022-10-09","2022-10-09 21:27:00",0
"2022-10-09","2022-10-09 22:32:00",0
"2022-10-09","2022-10-09 23:27:00",0
"2022-10-10","2022-10-10 00:32:00",0
"2022-10-10","2022-10-10 01:32:00",0
"2022-10-10","2022-10-10 04:42:00",0
"2022-10-10","2022-10-10 06:57:00",0
"2022-10-10","2022-10-10 08:12:00",0
"2022-10-10","2022-10-10 09:47:00",0
"2022-10-10","2022-10-10 10:42:00",0
"2022-10-10","2022-10-10 11:37:00",0
"2022-10-10","2022-10-10 12:32:00",0
"2022-10-10","2022-10-10 13:27:00",0
"2022-10-10","2022-10-10 15:02:00",0
"2022-10-10","2022-10-10 16:12:00",0
"2022-10-10","2022-10-10 17:32:00",0
"2022-10-10","2022-10-10 18:47:00",0
"2022-10-10","2022-10-10 19:47:00",0
"2022-10-10","2022-10-10 20:42:00",0
"2022-10-10","2022-10-10 21:32:00",0
"2022-10-10","2022-10-10 22:32:00",0
"2022-10-10","2022-10-10 23:27:00",0
"2022-10-11","2022-10-11 00:32:00",0
"2022-10-11","2022-10-11 01:37:00",0
"2022-10-11","2022-10-11 04:32:00",0
"2022-10-11","2022-10-11 06:52:00",0
"2022-10-11","2022-10-11 08:07:00",0
"2022-10-11","2022-10-11 09:47:00",0
"2022-10-11","2022-10-11 10:42:00",0
"2022-10-11","2022-10-11 11:37:00",0
"2022-10-11","2022-10-11 13:27:00",0
"2022-10-11","2022-10-11 15:02:00",0
"2022-10-11","2022-10-11 16:07:00",0
"2022-10-11","2022-10-11 17:37:00",0
"2022-10-11","2022-10-11 18:42:00",0
"2022-10-11","2022-10-11 19:42:00",0
"2022-10-11","2022-10-11 20:37:00",0
"2022-10-11","2022-10-11 21:27:00",0
"2022-10-11","2022-10-11 22:32:00",0
"2022-10-11","2022-10-11 23:32:00",0
"2022-10-12","2022-10-12 00:32:00",0
"2022-10-12","2022-10-12 01:37:00",0
"2022-10-12","2022-10-12 04:42:00",0
"2022-10-12","2022-10-12 06:42:00",0
"2022-10-12","2022-10-12 07:52:00",0
"2022-10-12","2022-10-12 08:42:00",0
"2022-10-12","2022-10-12 09:37:00",0
"2022-10-12","2022-10-12 10:37:00",0
"2022-10-12","2022-10-12 11:37:00",0
"2022-10-12","2022-10-12 12:37:00",0
"2022-10-12","2022-10-12 13:27:00",0
"2022-10-12","2022-10-12 15:02:00",0
"2022-10-12","2022-10-12 16:07:00",0
"2022-10-12","2022-10-12 17:37:00",0
"2022-10-12","2022-10-12 18:52:00",0
"2022-10-12","2022-10-12 19:52:00",0
"2022-10-12","2022-10-12 20:42:00",0
"2022-10-12","2022-10-12 21:32:00",0
"2022-10-12","2022-10-12 22:32:00",0
"2022-10-12","2022-10-12 23:27:00",0
"2022-10-13","2022-10-13 00:32:00",0
"2022-10-13","2022-10-13 01:37:00",0
"2022-10-13","2022-10-13 04:37:00",0
"2022-10-13","2022-10-13 06:47:00",0
"2022-10-13","2022-10-13 08:07:00",0
"2022-10-13","2022-10-13 09:22:00",0
"2022-10-13","2022-10-13 11:12:00",0
"2022-10-20","2022-10-20 18:52:00",0
"2022-10-20","2022-10-20 19:52:00",0
"2022-10-20","2022-10-20 20:47:00",0
"2022-10-20","2022-10-20 21:32:00",0
"2022-10-20","2022-10-20 22:32:00",0
"2022-10-20","2022-10-20 23:32:00",0
"2022-10-21","2022-10-21 00:32:00",0
"2022-10-21","2022-10-21 01:37:00",0
"2022-10-21","2022-10-21 04:12:00",0
"2022-10-21","2022-10-21 06:22:00",0
"2022-10-21","2022-10-21 07:57:00",0
"2022-10-21","2022-10-21 08:47:00",0
"2022-10-21","2022-10-21 09:37:00",0
"2022-10-21","2022-10-21 10:42:00",2.04
"2022-10-21","2022-10-21 11:37:00",2.04
"2022-10-21","2022-10-21 12:37:00",2.04
"2022-10-21","2022-10-21 13:27:00",2.04
"2022-10-21","2022-10-21 14:57:00",2.03
"2022-10-21","2022-10-21 16:07:00",2.04
"2022-10-21","2022-10-21 17:42:00",2.04
"2022-10-21","2022-10-21 18:42:00",2.01
"2022-10-21","2022-10-21 19:42:00",2
"2022-10-21","2022-10-21 20:42:00",2
"2022-10-21","2022-10-21 21:32:00",2
"2022-10-21","2022-10-21 22:32:00",2
"2022-10-21","2022-10-21 23:27:00",1.97
"2022-10-22","2022-10-22 00:32:00",1.97
"2022-10-22","2022-10-22 01:37:00",1.96
"2022-10-22","2022-10-22 04:32:00",1.96
"2022-10-22","2022-10-22 06:22:00",1.96
"2022-10-22","2022-10-22 07:47:00",1.96
"2022-10-22","2022-10-22 08:37:00",1.97
"2022-10-22","2022-10-22 09:32:00",2
"2022-10-22","2022-10-22 10:37:00",2
"2022-10-22","2022-10-22 11:32:00",2.01
"2022-10-22","2022-10-22 12:32:00",2.05
"2022-10-22","2022-10-22 13:27:00",2.04
"2022-10-22","2022-10-22 14:57:00",2.08
"2022-10-22","2022-10-22 15:47:00",2.08
"2022-10-22","2022-10-22 16:27:00",2.08
"2022-10-22","2022-10-22 17:32:00",2.08
"2022-10-22","2022-10-22 18:42:00",2.11
"2022-10-22","2022-10-22 19:37:00",2.13
"2022-10-22","2022-10-22 20:37:00",2.11
"2022-10-22","2022-10-22 21:27:00",2.2
"2022-10-22","2022-10-22 22:32:00",2.16
"2022-10-22","2022-10-22 23:32:00",2.17
"2022-10-23","2022-10-23 00:32:00",2.16
"2022-10-23","2022-10-23 01:37:00",2.16
"2022-10-23","2022-10-23 04:37:00",2.19
"2022-10-23","2022-10-23 06:42:00",2.2
"2022-10-23","2022-10-23 07:52:00",2.2
"2022-10-23","2022-10-23 08:42:00",2.2
"2022-10-23","2022-10-23 09:32:00",2.2
"2022-10-23","2022-10-23 10:37:00",2.2
"2022-10-23","2022-10-23 11:32:00",2.23
"2022-10-23","2022-10-23 12:32:00",2.2
"2022-10-23","2022-10-23 13:27:00",2.2
